AD;ANDORRA
AE;DE ARABISKE EMIRATER
AF;AFGHANISTAN
AG;ANTIGUA OG BARBUDA
AI;ANGUILLA
AL;ALBANIA
AM;ARMENIA
AN;DE NEDERLANDSKE ANTILLENE
AO;ANGOLA
AR;ARGENTINA
AS;AM. SAMOA
AT;ØSTERRIKE
AU;AUSTRALIA
AW;ARUBA
AX;ÅLAND
AZ;AZERBAJDZJAN
BA;BOSNIA-HERCEGOVINA
BB;BARBADOS
BD;BANGLADESH
BE;BELGIA
BF;BURKINA FASO
BG;BULGARIA
BH;BAHRAIN
BI;BURUNDI
BJ;BENIN
BL;SAINT BARTHELEMY
BM;BERMUDA
BN;BRUNEI
BO;BOLIVIA
BQ;BONAIRE, SINT EUSTATIUS, SABA
BR;BRASIL
BS;BAHAMAS
BT;BHUTAN
BV;BOUVETØYA
BW;BOTSWANA
BY;HVITERUSSLAND
BZ;BELIZE
CA;CANADA
CC;KOKOSØYENE
CD;KONGO, DEN DEMOKR. REPUBL
CF;SENTRALAFRIKA. REP.
CG;KONGO, REPUBLIKKEN
CH;SVEITS
CI;ELFENBEINSKYSTEN
CK;COOKØYENE
CL;CHILE
CM;KAMERUN
CN;REPUBLIKKEN KINA
CO;COLOMBIA
CR;COSTA RICA
CS;SERBIA OG MONTENEGRO
CU;CUBA
CV;KAPP VERDE
CW;CURACAO
CX;CHRISTMASØYA
CY;KYPROS
CZ;DEN TSJEKKISKE REP.
DE;TYSKLAND
DJ;DJIBOUTI
DK;DANMARK
DM;DOMINICA
DO;DEN DOMINIKANSKE REP
DZ;ALGERIE
EC;ECUADOR
EE;ESTLAND
EG;EGYPT
EH;VEST-SAHARA
ER;ERITREA
ES;SPANIA
ET;ETIOPIA
FI;FINLAND
FJ;FIJI
FK;FALKLANDSØYENE
FM;MIKRONESIAFØD.
FO;FÆRØYENE
FR;FRANKRIKE
GA;GABON
GB;STORBRITANNIA
GD;GRENADA
GE;GEORGIA
GF;FRANSK GUYANA
GG;GUERNSEY
GH;GHANA
GI;GIBRALTAR
GL;GRØNLAND
GM;GAMBIA
GN;GUINEA
GP;GUADELOUPE
GQ;EKVATORIAL-GUINEA
GR;HELLAS
GS;SØR-GEORGIA OG SØR-SANDWICHØYENE
GT;GUATEMALA
GU;GUAM
GW;GUINEA-BISSAU
GY;GUYANA
HK;HONGKONG
HM;HEARD OG MCDONALD ØYENE
HN;HONDURAS
HR;KROATIA
HT;HAITI
HU;UNGARN
ID;INDONESIA
IE;IRLAND
IL;ISRAEL
IM;ISLE OF MAN
IN;INDIA
IO;BRITISK-INDISKE HAV
IQ;IRAK
IR;IRAN
IS;ISLAND
IT;ITALIA
JE;JERSEY
JM;JAMAICA
JO;JORDAN
JP;JAPAN
KE;KENYA
KG;KIRGISISTAN
KH;KAMBODSJA
KI;KIRIBATI
KM;KOMORENE
KN;ST.KITTS OG NEVIS
KP;NORD-KOREA
KR;SØR-KOREA
KW;KUWAIT
KY;CAYMANØYENE
KZ;KAZAKHSTAN
LA;LAOS
LB;LIBANON
LC;ST. LUCIA
LI;LIECHTENSTEIN
LK;SRI LANKA
LR;LIBERIA
LS;LESOTHO
LT;LITAUEN
LU;LUXEMBOURG
LV;LATVIA
LY;LIBYA
MA;MAROKKO
MC;MONACO
MD;MOLDOVA
ME;MONTENEGRO
MF;SAINT MARTIN
MG;MADAGASKAR
MH;MARSHALLØYENE
MK;MAKEDONIA
ML;MALI
MM;MYANMAR (BURMA)
MN;MONGOLIA
MO;MACAO
MP;NORD-MARIANENE
MQ;MARTINIQUE
MR;MAURITANIA
MS;MONSERRAT
MT;MALTA
MU;MAURITIUS
MV;MALDIVENE
MW;MALAWI
MX;MEXICO
MY;MALAYSIA
MZ;MOSAMBIK
NA;NAMIBIA
NC;NY-KALEDONIA
NE;NIGER
NF;NORFOLKØYA
NG;NIGERIA
NI;NICARAGUA
NL;NEDERLAND
NO;NORGE
NP;NEPAL
NR;NAURU
NU;NIUE
NZ;NEW ZEALAND
OM;OMAN
PA;PANAMA
PE;PERU
PF;FRANSK POLYNESIA
PG;PAPUA NY-GUINEA
PH;FILIPPINENE
PK;PAKISTAN
PL;POLEN
PM;ST-PIERRE OG MIQUELON
PN;PITCAIRN
PR;PUERTO RICO
PS;DET PALESTINSKE OMRÅDET
PT;PORTUGAL
PW;PALAU
PY;PARAGUAY
QA;QATAR
RE;REUNION
RO;ROMANIA
RS;SERBIA
RU;RUSSLAND
RW;RWANDA
SA;SAUDI-ARABIA
SB;SALOMONØYENE
SC;SEYCHELLENE
SD;SUDAN
SE;SVERIGE
SG;SINGAPORE
SH;ST. HELENA
SI;SLOVENIA
SJ;SVALBARD OG JAN MAYEN
SK;SLOVAKIA
SL;SIERRA LEONE
SM;SAN MARINO
SN;SENEGAL
SO;SOMALIA
SR;SURINAM
SS;SØR-SUDAN
ST;SAO TOME OG PRINCIPE
SU;SOVJETUNIONEN
SV;EL SALVADOR
SX;SINT MAARTEN
SY;SYRIA
SZ;SWAZILAND
TC;TURKS/CAICOSØYENE
TD;TSJAD
TF;FRANSKE SYDTERRITORIER
TG;TOGO
TH;THAILAND
TJ;TADZJIKISTAN
TK;TOKELAU
TL;ØST-TIMOR
TM;TURKMENISTAN
TN;TUNISIA
TO;TONGA
TR;TYRKIA
TT;TRINIDAD OG TOBAGO
TV;TUVALU
TW;TAIWAN
TZ;TANZANIA
UA;UKRAINA
UG;UGANDA
UM;MINDRE STILLEHAVSØYER
US;USA
UY;URUGUAY
UZ;UZBEKISTAN
VA;VATIKANSTATEN
VC;ST. VINCENT
VE;VENEZUELA
VG;JOMFRUØYENE BRIT.
VI;JOMFRUØYENE AM.
VN;VIETNAM
VU;VANUATU
WF;WALLIS/FUTUNAØYENE
WS;SAMOA
XK;KOSOVO
YE;JEMEN
YT;MAYOTTE
YU;JUGOSLAVIA
ZA;SØR-AFRIKA
ZM;ZAMBIA
ZW;ZIMBABWE
AE;DE FORENTE ARABISKE EMIRATER
AZ;ASERBAJDSJAN
BQ;BONAIRE, SINT EUSTATIUS OG SABA
CC;KOKOSØYENE (KEELINGØYENE)
CD;KONGO
CF;DEN SENTRALAFRIKANSKE REPUBLIKK
CG;KONGO-BRAZZAVILLE
CI;ELFENBENSKYSTEN
CN;KINA
CZ;TSJEKKIA
DO;DEN DOMINIKANSKE REPUBLIKK
FM;MIKRONESIAFØDERASJONEN
HM;HEARD- OG MCDONALD-ØYENE
IO;DET BRITISKE TERRITORIET I INDIAHAVET
KN;SAINT KITTS OG NEVIS
KZ;KASAKHSTAN
LC;SAINT LUCIA
MK;NORD-MAKEDONIA
MS;MONTSERRAT
NC;NY-CALEDONIA
PM;SAINT-PIERRE OG MIQUELON
PS;PALESTINA
SH;SANKT HELENA, ASCENSION OG TRISTAN DA CUNHA
SZ;ESWATINI
TC;TURKS- OG CAICOSØYENE
TJ;TADSJIKISTAN
UM;USAS YTRE SMÅØYER
UZ;USBEKISTAN
VC;SAINT VINCENT OG GRENADINENE
VG;DE BRITISKE JOMFRUØYER
VI;DE AMERIKANSKE JOMFRUØYER
WF;WALLIS OG FUTUNA